"group","name","IDM","Species only","Group only"
"bumblebees","CV_value",1.20472244008715,1.57190521281683,10766803.2242407
"bumblebees","CV_standError",0.000736515758678157,0.000870595376959811,2317.58399772331
"hoverflies","CV_value",0.899190072381737,0.724515671274856,29666988164.8001
"hoverflies","CV_standError",0.00025255172999466,0.000273734859785873,1024802.1767421
"solitarybees","CV_value",0.389190672344819,0.486252964253452,1920480027120032000
"solitarybees","CV_standError",0.000218282500109338,0.000188444306485225,759314787637.951
