"Site detection","Site Observed","Methods","Insect Group"
50.6174852479273,0.526240883338665,"IDM","Bumblebees"
50.1542565318468,0.566444126320271,"Species only","Bumblebees"
49.742644627747,0.816371106229043,"Group Only","Bumblebees"
49.6133422480959,1.77050834930224,"IDM","Solitary bees"
50.0305731238468,0.631232473540468,"Species only","Solitary bees"
50.7653232135897,0.984574948504394,"Group Only","Solitary bees"
50.0352038381698,1.21267108176668,"IDM","Hoverflies"
50.2023220801531,1.35832622616378,"Species only","Hoverflies"
50.4036359001514,1.20791565619773,"Group Only","Hoverflies"
